accuracy,precision,recall,f1_score,roc_auc_score,mcc
0.9974102649537455,0.0016638935108153079,0.001668436220233581,0.0016661617691608602,0.5001850594492485,0.0003696153416251489
