accuracy,precision,recall,f1_score,roc_auc_score,mcc
0.8500990943982196,0.005782295590950609,0.6711663885939633,0.011465809861892053,0.7607487740163208,0.052478859425383946
