accuracy,precision,recall,f1_score,roc_auc_score,mcc
0.9982027843875636,0.0717398592021455,0.03245866828454421,0.04469507101086048,0.515956982576826,0.0474287334658136
