accuracy,precision,recall,f1_score,roc_auc_score,mcc
0.9999943026614823,0.9998477002741395,0.9957530714394054,0.9977961851204499,0.9978764373623299,0.9977954385766079
