accuracy,precision,recall,f1_score,roc_auc_score,mcc
0.9999937132816356,0.9998476306567119,0.9952980433793417,0.9975676497415628,0.9976489233322979,0.9975671026745493
